"gene_name","original_name","ENTREZ"
"NRF1","NRF1","4899"
"GPX1","GPX1","2876"
"CYCS","CYCS","54205"
"HOMER1","HOMER1","9456"
"GRIA2","GRIA2","2891"
"SYP","SYP","6855"
"SYT1","SYT1","6857"
"CREB1","CREB1/CREB","1385"
"USP16","USP16","10600"
"RGS2","RGS2","5997"
"NPTX1","NPTX1","4884"
"GSTM1","GSTM1","2944"
"NF1","NF1","4763"
"NPTXR","NPTXR","23467"
"KCNE1","KCNE1","3753"
"LTN1","LTN1/ZNF294","26046"
"RGS3","RGS3","5998"
"MRPS6","MRPS6","64968"
"ADRA2B","ADRA2B","151"
"HTR2B","HTR2B","3357"
"NCAM1","NCAM1/NCAMX1","4684"
"BCL2","BCL2","596"
"NPC1","NPC1","4864"
"ADRA1B","ADRA1B","147"
"SLC6A12","SLC6A12/GAT2","6539"
"MRPL39","MRPL39","54148"
"AP1S2","AP1S2","8905"
"DRD1","DRD1","1812"
"KCNJ6","KCNJ6","3763"
"PCBP3","PCBP3","54039"
"GRIN2B","GRIN2B","2904"
"GRIA1","GRIA1","2890"
"SNAP25","SNAP25","6616"
"SOD1","SOD1","6647"
"NRG2","NRG2","9542"
"RRP1B","RRP1B","23076"
"JUNB","JUNB","3726"
"DLG4","DLG4","1742"
"KCNB1","KCNB1","3745"
"SLC2A6","SLC2A6","11182"
"UBASH3A","UBASH3A","53347"
"SLC2A8","SLC2A8","29988"
"RRP1","RRP1","8568"
"ITGA1","ITGA1","3672"
"PAX6","PAX6","5080"
"RASSF2","RASSF2","9770"
"FOS","FOS","2353"
"CHRNB4","CHRNB4","1143"
"SOD2","SOD2","6648"
"KCNA3","KCNA3","3738"
"JUND","JUND","3727"
"SH3BGR","SH3BGR","6450"
"KCNE2","KCNE2","9992"
"LINC00160","LINC00160/C21ORF52","54064"
"RWDD2B","RWDD2B/C21ORF6","10069"
"ITGA3","ITGA3","3675"
"GABRB2","GABRB2","2561"
"CCNE1","CCNE1","898"
"GRIN2C","GRIN2C","2905"
"DBN1","DBN1","1627"
"SYNPO","SYNPO","11346"
"CHRM1","CHRM1","1128"
"GRIN2A","GRIN2A","2903"
"CHRM3","CHRM3","1131"
"PCP4","PCP4","5121"
"HTR2C","HTR2C","3358"
"GRM6","GRM6","2916"
"CHRNA1","CHRNA1","1134"
"KCNA6","KCNA6","3742"
"GALR2","GALR2","8811"
"LINC00320","LINC00320/FLJ37539","387486"
"GALR1","GALR1","2587"
"TMPRSS15","TMPRSS15/PRSS7","5651"
"IGF2R","IGF2R","3482"
"CCND2","CCND2","894"
"RUNX1","RUNX1","861"
"DNM1","DNM1","1759"
"PCNT","PCNT","5116"
"CNR1","CNR1","1268"
"CCK","CCK","885"
"CTNNB1","CTNNB1","1499"
"ATG4A","ATG4A","115201"
"GSR","GSR","2936"
"TAF1","TAF1","6872"
"RELA","RELA","5970"
"NR4A3","NR4A3","8013"
"NAB1","NAB1","4664"
"SNCA","SNCA","6622"
"UBE2E1","UBE2E1","7324"
"VAPB","VAPB","9217"
"PTGS1","PTGS1","5742"
"ESR2","ESR2","2100"
"SST","SST","6750"
"GNAQ","GNAQ","2776"
"GNAL","GNAL","2774"
"ITGA6","ITGA6","3655"
"PRMT1","PRMT1","3276"
"PPP3CA","PPP3CA","5530"
"PRKCE","PRKCE","5581"
"NADSYN1","NADSYN1","55191"
"EP300","EP300","2033"
"ACP2","ACP2","53"
"SNCAIP","SNCAIP","9627"
"GNAI1","GNAI1","2770"
"REST","REST","5978"
"PSEN1","PSEN1","5663"
"PPP2R3A","PPP2R3A","5523"
"GNA15","GNA15","2769"
"GAP43","GAP43","2596"
"SLC2A5","SLC2A5","6518"
"CHRNA6","CHRNA6","8973"
"MAPK14","MAPK14/MAPK","1432"
"GRM3","GRM3","2913"
"CHRNB1","CHRNB1","1140"
"GRIP2","GRIP2","80852"
"CBR1","CBR1","873"
"HSD17B1","HSD17B1","3292"
"STMN2","STMN2","11075"
"MAOB","MAOB","4129"
"ADCY7","ADCY7","113"
"NMRK2","NMRK2","27231"
"STAR","STAR","6770"
"TH","TH","7054"
"SNCB","SNCB","6620"
"CAT","CAT","847"
"ERCC1","ERCC1","2067"
"ITGB1","ITGB1","3688"
"PSMD4","PSMD4","5710"
"CHRNB3","CHRNB3","1142"
"NMNAT2","Nmnat2","23057"
"IRS2","IRS2","8660"
"USP1","USP1","7398"
"CASP5","CASP5","838"
"GNRH1","GNRH1/GNRH","2796"
"PTGS2","PTGS2","5743"
"CHRM4","CHRM4","1132"
"ELAVL3","ELAVL3","1995"
"CYP4F29P","CYP4F29P/C21ORF15","54055"
"DRD4","DRD4","1815"
"SRA1","SRA1","10011"
"CHRNA3","CHRNA3","1136"
"MAN1A1","MAN1A1","4121"
"NMRK1","NMRK1","54981"
"CASP4","CASP4","837"
"POMC","POMC","5443"
"HTR7","HTR7","3363"
"ABL1","ABL1","25"
"PFKL","PFKL","5211"
"APLP1","APLP1","333"
"PPP1CC","PPP1CC","5501"
"CASP6","CASP6","839"
"NCOR1","NCOR1","9611"
"SLC18A3","SLC18A3/VACHT","6572"
"HTR1B","HTR1B","3351"
"GALR3","GALR3","8484"
"GAL","GAL","51083"
"BACH1","BACH1","571"
"GRIP1","GRIP1","23426"
"VDAC2","VDAC2","7417"
"LINC00308","LINC00308/C21ORF74","54143"
"APCS","APCS","325"
"GABRB3","GABRB3","2562"
"ATG4D","ATG4D","84971"
"KCNC1","KCNC1","3746"
"GRIK5","GRIK5","2901"
"LINC00515","LINC00515/C21ORF71","282566"
"CASP3","CASP3","836"
"GADD45B","Gadd45b","4616"
"TFEB","TFEB","7942"
"CHRNB2","CHRNB2","1141"
"MX1","MX1","4599"
"ACAN","ACAN","176"
"NSF","NSF","4905"
"VDAC1","VDAC1","7416"
"PRKAB2","PRKAB2","5565"
"ACTB","ACTB","60"
"NTF3","NTF3","4908"
"GABRA5","GABRA5","2558"
"CASP10","CASP10","843"
"BACH1-IT3","BACH1-IT3/C21ORF8","54147"
"CAST","CAST","831"
"SRR","SRR","63826"
"ANKRD20A1","ANKRD20A1/DKFZP434A171","84210"
"PSEN2","PSEN2","5664"
"KRTAP11-1","KRTAP11-1","337880"
"LCA5L","LCA5L/C21ORF13","150082"
"CASP2","CASP2","835"
"CHRNA2","CHRNA2","1135"
"TIAM1","TIAM1","7074"
"NDEL1","NDEL1/NUDEL","81565"
"ANKRD30BP1","ANKRD30BP1/C21ORF110","642460"
"ADCY8","ADCY8","114"
"SLC6A3","SLC6A3/DAT","6531"
"NCOA2","NCOA2","10499"
"BACE1","BACE1","23621"
"SLC2A2","SLC2A2","6514"
"AFF4","AFF4/LAF4","27125"
"GNB1L","GNB1L/GBL","54584"
"HTR3A","HTR3A/HTR3","3359"
"STMN1","STMN1","3925"
"ECE2","ECE2","9718"
"RGS6","RGS6","9628"
"GRIN2D","GRIN2D","2906"
"DSCR9","DSCR9","257203"
"BMP1","BMP1","649"
"BPTF","BPTF/FALZ","2186"
"LINC00158","LINC00158/C21ORF42","54072"
"KIDINS220","KIDINS220/ARMS","57498"
"COL18A1","COL18A1","80781"
"B3GALT5","B3GALT5","10317"
"RAB3A","RAB3A","5864"
"GABRG2","GABRG2","2566"
"GABRA3","GABRA3","2556"
"FBP2","FBP2","8789"
"SLC6A1","SLC6A1/GAT1","6529"
"CASP8","CASP8","841"
"HMGCR","HMGCR","3156"
"SAMSN1","SAMSN1","64092"
"ITGA4","ITGA4","3676"
"NPC2","NPC2","10577"
"RSPH1","RSPH1/TSGA2","89765"
"RABGGTB","RABGGTB","5876"
"DAO","DAO","1610"
"CASP1","CASP1","834"
"NFKB1","NFKB1/NFKB","4790"
"NR4A2","NR4A2","4929"
"RAB24","RAB24","53917"
"MAOA","MAOA","4128"
"DDX17","DDX17","10521"
"PAM","PAM","5066"
"MAP3K3","MAP3K3","4215"
"RAB6A","RAB6A","5870"
"DSCR4","DSCR4","10281"
"DSCR8","DSCR8","84677"
"GABRA4","GABRA4","2557"
"NR5A1","NR5A1/SF1","2516"
"SF1","NR5A1/SF1","7536"
"PVALB","PVALB","5816"
"APBA1","APBA1","320"
"GABRD","GABRD","2563"
"TREM2","TREM2","54209"
"CASP7","CASP7","840"
"ADCY6","ADCY6","112"
"DBH","DBH","1621"
"CHRNA5","CHRNA5","1138"
"LSS","LSS","4047"
"PARP1","PARP1/ADPRT","142"
"HCRT","Hcrt","3060"
"TNFRSF1A","TNFRSF1A/TR1A","7132"
"CLDN17","CLDN17","26285"
"RBM3","RBM3","5935"
"CYP11B2","CYP11B2","1585"
"TFF2","TFF2","7032"
"MIS18A","MIS18A/C21ORF45","54069"
"CBR3","CBR3","874"
"CARD18","CARD18/ICEBERG","59082"
"MAP1B","MAP1b","4131"
"PPP3CB","PPP3CB","5532"
"GART","GART","2618"
"LINC00189","LINC00189/C21ORF109","193629"
"RGS4","RGS4","5999"
"ADCY1","ADCY1","107"
"LINC00159","LINC00159/C21ORF44","100551499"
"APH1A","APH1A","51107"
"SLC1A1","SLC1A1/EAAT3","6505"
"CALB1","CALB1","793"
"FAM3B","FAM3B","54097"
"CBS","CBS","875"
"FOXO3","Foxo3","2309"
"UCP1","UCP1","7350"
"ADCY2","ADCY2","108"
"FGF2","FGF2","2247"
"SESN2","SESN2","83667"
"ITPKB","ITPKB","3707"
"CDK5R1","CDK5R1","8851"
"CLCN4","CLCN4","1183"
"STX7","STX7","8417"
"FTCD","FTCD","10841"
"KCND2","KCND2","3751"
"GADD45G","Gadd45g","10912"
"GRIK1-AS1","GRIK1-AS1/C21ORF9","642976"
"FOXO4","Foxo4","4303"
"DNAJB6","DNAJB6","10049"
"CAV2","CAV2","858"
"PRMT2","PRMT2","3275"
"BAX","BAX","581"
"DRD5","DRD5","1816"
"NDUFV3","NDUFV3","4731"
"TFF1","TFF1","7031"
"CREM","CREM","1390"
"HSPG2","HSPG2","3339"
"LMX1A","LMX1A/LMX1","4009"
"HUNK","HUNK","30811"
"ECE1","ECE1","1889"
"GAPDH","GAPDH","2597"
"RAB2A","RAB2A","5862"
"ROCK1","Rock1","6093"
"PINK1","PINK1","65018"
"AGPAT3","AGPAT3","56894"
"PAXBP1","PAXBP1/C21ORF66","94104"
"PPP2R5C","PPP2R5C","5527"
"ADAMTS5","ADAMTS5","11096"
"BRWD1","BRWD1/C21ORF107","54014"
"VCAN","VCAN/CSPG2","1462"
"TFAM","Tfam","7019"
"GRM1","GRM1","2911"
"DSCR10","DSCR10","259234"
"CTSL","CTSL","1514"
"GAD2","GAD2/GAD65","2572"
"DHX9","DHX9/RHA","1660"
"ACHE","ACHE","43"
"FOSL2","FOSL2/FOSLR","2355"
"GLRX","GLRX","2745"
"ABCC13","ABCC13","150000"
"STARD3NL","STARD3NL","83930"
"DAXX","DAXX","1616"
"GABPA","GABPA","2551"
"NFE2L2","NRF2/NFE2L2","4780"
"DDC","DDC","1644"
"NAMPT","NAMPT","10135"
"MRAP","MRAP","56246"
"RGS5","RGS5","8490"
"NEU1","NEU1","4758"
"PPARGC1A","PPARGC1A","10891"
"BCHE","BCHE","590"
"UCHL3","UCHL3","7347"
"HIF1A","HIF1A","3091"
"PARK7","PARK7/DJ1","11315"
"OLIG1","OLIG1","116448"
"ELAVL1","ELAVL1","1994"
"KRTAP6-1","KRTAP6-1","337966"
"ABCG1","ABCG1","9619"
"NOTCH1","NOTCH1","4851"
"HSPA1A","HSPA1A/HSP70","3303"
"UCP3","UCP3","7352"
"BAP1","BAP1","8314"
"GNAT1","GNAT1","2779"
"SCAF4","SCAF4/SFRS15/CTDBP","57466"
"ADCY5","ADCY5","111"
"CANX","CANX","821"
"GABRA6","GABRA6","2559"
"SETD4","SETD4","54093"
"S100B","S100B","6285"
"LRRC3","LRRC3","81543"
"BDNF","BDNF","627"
"GRM8","GRM8","2918"
"RIPPLY3","RIPPLY3/DSCR6","53820"
"HSPA13","HSPA13/STCH","6782"
"NR4A1","NURR77/NR4A1","3164"
"SIK1","SIK1/SNF1LK","150094"
"GABRA2","GABRA2","2555"
"GRM7","GRM7","2917"
"CLTC","CLTC","1213"
"TGM1","TGM1/TGMI","7051"
"CHRNA4","CHRNA4","1137"
"A2M","A2M","2"
"UMODL1","UMODL1","89766"
"HSPA8","HSPA8/HSC70","3312"
"GNAS","GNAS/GNAS1","2778"
"UBE2G2","UBE2G2","7327"
"HLCS","HLCS","3141"
"ARC","ARC","23237"
"PRDM15","PRDM15","63977"
"SUMO3","SUMO3","6612"
"IL10RB","IL10RB","3588"
"CALR3","CALR3","125972"
"ADCY9","ADCY9","115"
"NCSTN","NCSTN","23385"
"IGSF5","IGSF5","150084"
"RPS19BP1","RPS19BP1","91582"
"SPRY2","SPRY2","10253"
"DPP10","DPP10","57628"
"GRIA4","GRIA4","2893"
"NRP1","NRP1/NRP","8829"
"GHR","GHR","2690"
"FBP1","FBP1","2203"
"GABARAP","GABARAP","11337"
"DPP6","DPP6","1804"
"ADAM17","ADAM17","6868"
"MBD2","MBD2","8932"
"CST3","CST3/CSTC","1471"
"ADAMTS1","ADAMTS1","9510"
"PENK","PENK","5179"
"MYO5B","MYO5B","4645"
"COMT","COMT","1312"
"FAS","FAS/FASLR","355"
"MBD3","MBD3","53615"
"APBB1","APBB1","322"
"CNTF","CNTF","1270"
"CLCN7","CLCN7","1186"
"NMNAT3","Nmnat3","349565"
"SORT1","SORT1","6272"
"RUNX1-IT1","RUNX1-IT1/C21ORF96","80215"
"PRKCA","PRKCA","5578"
"SLC19A1","SLC19A1","6573"
"ITGB2","ITGB2","3689"
"C21orf91","C21ORF91","54149"
"TMEM50B","TMEM50B/C21ORF4","757"
"NTN1","NTN1","9423"
"ITPKA","ITPKA","3706"
"PPP1CA","PPP1CA","5499"
"DYNC1H1","DYNC1H1/DNCH1","1778"
"DCX","DCX","1641"
"LAMA2","LAMA2","3908"
"CLCN6","CLCN6","1185"
"ATF4","ATF4","468"
"SLC1A3","SLC1A3/EAAT1","6507"
"FYN","FYN","2534"
"SIRT4","SIRT4","23409"
"TCP10L","TCP10L","140290"
"CYP17A1","CYP17A1/CYP17","1586"
"C2CD2","C2CD2/C21ORF25","25966"
"PIGP","PIGP/DSCR5","51227"
"CASP9","CASP9","842"
"NEFH","NEFH","4744"
"MYO5A","MYO5A","4644"
"PRKCB","PRKCB/PRKCB1","5579"
"HCRTR1","Hcrtr1/Hcrtr2","3061"
"HCRTR2","Hcrtr1/Hcrtr2","3062"
"NGFR","NGFR/TNFR","4804"
"DNAJC28","DNAJC28/C21ORF55","54943"
"CTSZ","CTSZ","1522"
"POLR2C","POLR2C","5432"
"GABBR1","GABBR1","2550"
"ACSS2","ACSS2","55902"
"TRPM2","TRPM2","7226"
"PRKAG3","PRKAG3","53632"
"DIP2A","DIP2A","23181"
"NR3C2","NR3C2","4306"
"CHODL-AS1","CHODL-AS1/C21ORF39","54075"
"SYN3","SYN3","8224"
"EGR2","EGR2","1959"
"SIRT5","SIRT5","23408"
"SLIT1","SLIT1","6585"
"NCOA1","NCOA1","8648"
"ELAVL4","ELAVL4","1996"
"DYNC2H1","DYNC2H1/DNCH2","79659"
"ARHGDIB","ARHGDIB","397"
"IGF1R","IGF1R/IGFIR/IGFR1","3480"
"SLC6A4","SLC6A4/SERT","6532"
"STX1A","STX1A/STX1","6804"
"USP7","USP7","7874"
"SYN1","SYN1","6853"
"CHRM5","CHRM5","1133"
"ITPKC","ITPKC","80271"
"HSF2BP","HSF2BP","11077"
"GRM5","GRM5","2915"
"GPLD1","GPLD1","2822"
"CYP11A1","CYP11A1","1583"
"APLP2","APLP2","334"
"VLDLR","VLDLR","7436"
"ADCY3","ADCY3","109"
"CSNK2A1","CSNK2A1","1457"
"PSMG1","PSMG1/DSCR2","8624"
"AKR1C3","AKR1C3","8644"
"GADD45A","GADD45A/GADD45","1647"
"SSBP1","SSBP1","6742"
"DNAJA1","DNAJA1","3301"
"CIT","CIT","11113"
"PDYN","PDYN","5173"
"M6PR","M6PR/CDMPR","4074"
"AP1S1","AP1S1","1174"
"PIWIL1","PIWIL1","9271"
"ITSN1","ITSN1","6453"
"PRKAA2","PRKAA2","5563"
"ASTN2","ASTN2","23245"
"PEX5","PEX5","5830"
"PRKCI","PRKCI","5584"
"CTSC","CTSC","1075"
"FAAH","FAAH","2166"
"PDXK","PDXK","8566"
"CRHR1","CRHR1","1394"
"RHEB","RHEB/RHEB2","6009"
"ITPR1","ITPR1","3708"
"SLC6A11","SLC6A11/GAT4","6538"
"MAPK8","MAPK8","5599"
"HMGN1","HMGN1","3150"
"GLRA3","GLRA3","8001"
"SNCG","SNCG","6623"
"CACNA1C","CACNA1C","775"
"RGS1","RGS1","5996"
"IFNAR2","IFNAR2","3455"
"FOSB","FOSB","2354"
"RAB11B","RAB11B","9230"
"DUSP4","DUSP4","1846"
"SIRT2","SIRT2","22933"
"RGS7","RGS7","6000"
"MAPK9","MAPK9","5601"
"LAMP1","LAMP1","3916"
"NPY1R","NPY1R","4886"
"COX4I1","Cox4i1","1327"
"PDE9A","PDE9A","5152"
"GRIK1","GRIK1","2897"
"DDX1","DDX1","1653"
"SIRT1","SIRT1","23411"
"RPS6KB1","RPS6KB1","6198"
"CNR2","CNR2","1269"
"TMPRSS3","TMPRSS3","64699"
"IFNGR2","IFNGR2","3460"
"FLNA","FLNA","2316"
"SLC6A13","SLC6A13/GAT3","6540"
"BACE2","BACE2","25825"
"TSC1","TSC1","7248"
"PAFAH1B1","PAFAH1B1/LIS1","5048"
"HDAC6","HDAC6","10013"
"OLIG2","OLIG2","10215"
"EPAS1","EPAS1","2034"
"JAM2","JAM2","58494"
"APPL1","APPL1","26060"
"UCP2","UCP2","7351"
"NRIP1","NRIP1","8204"
"CTSG","CTSG","1511"
"MAP2","MAP2","4133"
"EPHA2","EPHA2","1969"
"CREBBP","CREBBP","1387"
"ATF5","ATF5","22809"
"EIF2AK2","EIF2AK2/PRKR","5610"
"CHODL","CHODL","140578"
"SLC6A2","SLC6A2/NET","6530"
"CHAF1B","CHAF1B","8208"
"TPTE","TPTE","7179"
"SNAP29","SNAP29","9342"
"DAB1","DAB1","1600"
"PWP2","PWP2","5822"
"SESN1","SESN1","27244"
"DLX1","DLX1","1745"
"SIRT6","SIRT6","51548"
"GABRG1","GABRG1","2565"
"CSF1","CSF1","1435"
"BAK1","BAK1","578"
"TRAPPC10","TRAPPC10/TMEM1","7109"
"DNMT3L","DNMT3L","29947"
"PTTG1IP","PTTG1IP","754"
"KCNIP3","KCNIP3","30818"
"GNAZ","GNAZ","2781"
"GLUD1","GLUD1","2746"
"PTEN","PTEN","5728"
"SAA4","SAA4","6291"
"CAV1","CAV1","857"
"GNAT2","GNAT2","2780"
"SESN3","SESN3","143686"
"ELAVL2","ELAVL2","1993"
"CALB2","CALB2","794"
"MAPT","MAPT","4137"
"AKAP1","AKAP1","8165"
"LEPR","LEPR","3953"
"DONSON","DONSON","29980"
"DYNLL1","DYNLL1/DNCLC1","8655"
"XRCC6","XRCC6","2547"
"AFP","AFP","174"
"CSNK2B","CSNK2B","1460"
"MCM3AP","MCM3AP","8888"
"HMGCS1","HMGCS1","3157"
"DNMT1","DNMT1","1786"
"DLG3","DLG3","1741"
"PRKAG1","PRKAG1","5571"
"CCAR2","CCAR2","57805"
"CXADR","CXADR","1525"
"CTSE","CTSE","1510"
"DSCAM","DSCAM","1826"
"ICOSLG","ICOSLG","23308"
"URB1","URB1/C21ORF108","9875"
"NRG1","NRG1","3084"
"DRD2","DRD2","1813"
"GABRG3","GABRG3","2567"
"ERN1","ERN1","2081"
"ATG5","ATG5","9474"
"ADAM10","ADAM10","102"
"ARMCX2","ARMCX2","9823"
"EEA1","EEA1","8411"
"APOE","APOE","348"
"CDH2","CDH2","1000"
"RGS9","RGS9","8787"
"BECN1","BECN1/BECN","8678"
"GAD1","GAD1/GAD67","2571"
"CARM1","CARM1","10498"
"IL1B","IL1B","3553"
"GABARAPL1","GABARAPL1","23710"
"RBL2","RBL2","5934"
"AP1G1","AP1G1","164"
"LIPA","LIPA","3988"
"ACSS1","ACSS1","84532"
"GNA11","GNA11/GNAL11","2767"
"ADARB1","ADARB1/RED1","104"
"MAPK13","MAPK13/SAPK4","5603"
"ZBTB21","ZBTB21/ZNF295","49854"
"TSC2","TSC2","7249"
"GFAP","GFAP","2670"
"DUSP5","DUSP5","1847"
"MAPK3","MAPK3/ERK1","5595"
"RAB1A","RAB1A","5861"
"AIRE","AIRE","326"
"U2AF1","U2AF1","7307"
"CRH","CRH","1392"
"HSPA5","HSPA5/BIP","3309"
"IL6","IL6","3569"
"PPM1G","PPM1G/PPP2CG","5496"
"USP8","USP8","9101"
"COL6A1","COL6A1","1291"
"IAPP","IAPP","3375"
"USP25","USP25","29761"
"DUSP1","DUSP1/MKP-1","1843"
"PPP2R1A","PPP2R1A","5518"
"TTC3","TTC3","7267"
"KCNIP1","KCNIP1/KCNIP","30820"
"ADRA2A","ADRA2A","150"
"BSN","BSN","8927"
"ATG4C","ATG4C","84938"
"CAMK2A","CAMK2A","815"
"B3GALT4","B3GALT4","8705"
"TIMP1","TIMP1","7076"
"TP53","TP53","7157"
"SLC1A2","SLC1A2/EAAT2","6506"
"POTED","POTED/ANDRK21","317754"
"DDX10","DDX10","1662"
"SIRT3","SIRT3","23410"
"FRK","FRK","2444"
"CYYR1","CYYR1","116159"
"DRD3","DRD3","1814"
"C21orf62","C21ORF62","56245"
"CSTB","CSTB","1476"
"PFKP","PFKP","5214"
"MLH1","MLH1","4292"
"AIFM1","AIFM1/PCD8","9131"
"NMNAT1","Nmnat1","64802"
"CLDN8","CLDN8","9073"
"ETS2","ETS2","2114"
"KCNA2","KCNA2","3737"
"CLCN5","CLCN5","1184"
"NR3C1","NR3C1","2908"
"N6AMT1","N6AMT1/C21ORF127","29104"
"CCNB1","CCNB1","891"
"PTPN12","PTPN12","5782"
"MAPK1","MAPK1/ERK2","5594"
"CACNA1B","CACNA1B","774"
"BCL2L11","Bcl2l11","10018"
"TMPRSS2","TMPRSS2","7113"
"SIRT7","SIRT7","51547"
"DYRK3","DYRK3","8444"
"RGS13","RGS13","6003"
"GRIK1-AS2","GRIK1-AS2/C21ORF41","100379661"
"GHSR","GHSR","2693"
"MAPK12","MAPK12/SAPK3","6300"
"DISC1","DISC1","27185"
"IFNAR1","IFNAR1","3454"
"KCND3","KCND3","3752"
"PRKAG2","PRKAG2","51422"
"RGS16","RGS16","6004"
"GABRA1","GABRA1","2554"
"PKNOX1","PKNOX1","5316"
"CAV3","CAV3","859"
"ATG7","ATG7","10533"
"FOXO1","Foxo1","2308"
"CCT8","CCT8","10694"
"MAP3K7CL","MAP3K7CL/C21ORF7","56911"
"SNRNP70","SNRNP70","6625"
"MECP2","MECP2","4204"
"GRM2","GRM2","2912"
"CHAT","CHAT","1103"
"PSENEN","PSENEN","55851"
"TGM2","TGM2","7052"
"MX2","MX2","4600"
"FASN","FASN","2194"
"JUN","JUN/CJUN","3725"
"ERG","ERG","2078"
"EPYC","EPYC/DSPG3","1833"
"ESR1","ESR1","2099"
"RGS10","RGS10","6001"
"HDAC2","HDAC2","3066"
"RIPK4","RIPK4/ANKRD3","54101"
"LINC00113","LINC00113/C21ORF23","54088"
"HDAC1","HDAC1","3065"
"GRIA3","GRIA3","2892"
"CSNK1A1","CSNK1A1","1452"
"CCND1","CCND1","595"
"PPT1","PPT1","5538"
"ATP6V0A1","ATP6V0A1/VPP1","535"
"B2M","B2M","567"
"GRIK3","GRIK3","2899"
"MME","MME/NEP","4311"
"PRKAB1","PRKAB1","5564"
"CHRM2","CHRM2","1129"
"LRP1","LRP1","4035"
"GABRB1","GABRB1","2560"
"CLDN14","CLDN14","23562"
"SMIM11","SMIM11/C21ORF51","54065"
"LIAS","LIAS/LIP1","11019"
"GH1","GH1","2688"
"BAD","BAD","572"
"NES","NES","10763"
"RAB10","RAB10","10890"
"SLC2A3","SLC2A3","6515"
"POFUT2","POFUT2","23275"
"NCOR2","NCOR2","9612"
"HIC1","HIC1","3090"
"PTK2B","PTK2B","2185"
"HSP90AA1","HSP90AA1","3320"
"EMX2","EMX2","2018"
"DYRK1A","DYRK1A","1859"
"AGER","AGER","177"
"BTG3","BTG3","10950"
"NPEPPS","NPEPPS/PSA","9520"
"SLC5A3","SLC5A3","6526"
"SORL1","SORL1","6653"
"AQP1","AQP1","358"
"CSNK2A2","CSNK2A2","1459"
"KCNJ15","KCNJ15","3772"
"AR","AR","367"
"RARB","RARB","5915"
"LEP","LEP","3952"
"GRM4","GRM4","2914"
"SIM2","SIM2","6493"
"RGS12","RGS12","6002"
"TFF3","TFF3","7033"
"SLC2A4","SLC2A4","6517"
"MAP1LC3A","MAP1LC3A","84557"
"SERPINA3","SERPINA3/ACT","12"
"HTT","HTT/HD","3064"
"CRYAA","CRYAA","1409"
"TBR1","TBR1","10716"
"NEFL","NEFL","4747"
"PRNP","PRNP","5621"
"KRAS","KRAS/RAS","3845"
"PFKM","PFKM","5213"
"MSR1","MSR1","4481"
"GRIN1","GRIN1","2902"
"CRYZL1","CRYZL1","9946"
"NOS1","NOS1","4842"
"IGF2","IGF2","3481"
"MBP","MBP","4155"
"SLC37A1","SLC37A1","54020"
"NEFM","NEFM/NEF3","4741"
"RAB4A","RAB4A","5867"
"APP","APP/ABPP","351"
"HDLBP","HDLBP","3069"
"KCNA1","KCNA1","3736"
"MORC3","MORC3/ZCWCC3","23515"
"TRADD","TRADD","8717"
"SORCS2","SORCS2","57537"
"SLC2A1","SLC2A1","6513"
"STARD3","STARD3","10948"
"ADCY4","ADCY4","196883"
"SORCS1","SORCS1","114815"
"NCOA3","NCOA3","8202"
"RAB7A","RAB7A","7879"
"FMR1","FMR1","2332"
"COL6A2","COL6A2","1292"
"FKTN","FKTN/FCMD","2218"
"CLIC6","CLIC6","54102"
"IDE","IDE","3416"
"LAMB2","LAMB2","3913"
"CLCN2","CLCN2","1181"
"ATG12","ATG12","9140"
"SON","SON","6651"
"TARDBP","TARDBP","23435"
"MEMO1P1","MEMO1P1/C21ORF19","728556"
"SUV39H1","SUV39H1","6839"
"RAC1","RAC1","5879"
"IGF1","IGF1","3479"
"GRIK4","GRIK4","2900"
"RAB5A","RAB5A","5868"
"TFE3","TFE3","7030"
"CAPN2","CAPN2","824"
"GDNF","GDNF","2668"
"RAP1B","RAP1B","5908"
"TAF10","TAF10/TBPAF","6881"
"SYNJ1","SYNJ1","8867"
"MARCKS","MARCKS","4082"
"GSK3B","GSK3B","2932"
"VAMP1","VAMP1","6843"
"MAPKAPK2","MAPKAPK2/MAPKAPK","9261"
"DIABLO","DIABLO/SMAC","56616"
"CACNA1A","CACNA1A","773"
"RELN","RELN","5649"
"SUV39H2","SUV39H2","79723"
"CDKN2A","CDKN2a","1029"
"CDKN1A","CDKN1a","1026"
"PPP1CB","PPP1CB","5500"
"MTOR","MTOR/FRAP1","2475"
"RBM11","RBM11","54033"
"SYNGR1","SYNGR1","9145"
"HSF1","HSF1","3297"
"PPT2","PPT2","9374"
"CAPN1","CAPN1","823"
"PRKAA1","PRKAA1","5562"
"CDKN1B","CDKN1b","1027"
"GRIK2","GRIK2","2898"
"PPP2CA","PPP2CA","5515"
"DNAJA3","DNAJA3","9093"
"CTSB","CTSB","1508"
"ADAM9","ADAM9","8754"
"RAB27A","RAB27A","5873"
"LAMP2","LAMP2","3920"
"CTSD","CTSD","1509"
"CCNG1","CCNG1","900"
"FADD","FADD","8772"
"HSPA9","HSPA9","3313"
"SP1","SP1","6667"
"HSPE1","HSPE1","3336"
"CDK5","CDK5","1020"
"CCNF","CCNF","899"
"DNAJC5","DNAJC5","80331"
"TOMM40","TOMM40","10452"
"CHRNA7","CHRNA7","1139"
"CTSH","CTSH","1512"
"PPP2R1B","PPP2R1B","5519"
"ATG3","ATG3","64422"
"PPARG","PPARG","5468"
"CDK2","CDK2","1017"
"CAPNS1","CAPNS1","826"
"HSPD1","HSPD1/HSP60","3329"
"GNG2","GNG2","54331"
"ATG10","ATG10","83734"
"UTRN","UTRN","7402"
"ATG4B","ATG4B","23192"
"APH1B","APH1B","83464"
"RAB11A","RAB11A","8766"
"PPP3CC","PPP3CC","5533"
"GRK2","ADRBK1","156"
"RAB9A","RAB9","9367"
"CARTPT","CART","9607"
"ATP5PO","ATP5O","539"
"NGF","NGFB","4803"
"EVA1C","C21ORF63","59271"
"RCAN1","DSCR1","1827"
"AKT1","AKT","207"
"STX5","STX5A","6811"
"LINC01548","C21ORF54","728409"
"NTF4","NTF5","4909"
"ATP5PF","ATP5J","522"
"C21orf62-AS1","C21ORF49","54067"
"CTBP1","CtBP","1487"
"NAPRT","Naprt1","93100"
"LINC01549","C21ORF37","100505929"
"CFAP298","C21ORF59","56683"
"STX4","STX4A","6810"
"NOS2","NOS2A","4843"
"SYAP1","SAP47","94056"
"VPS26C","DSCR3","10311"
"NAE1","APPBP1","8883"
"ERBIN","ERBB2IP","55914"
"GET1","WRB","7485"
"TUBA4A","TUBA1","7277"
"TUBB4B","TUBB2C","10383"
"ATP5F1D","ATP5D","513"
"ACTG1","ACTG","71"
"NTRK3","NTRK3","4916"
"NTRK2","NTRK2","4915"
"NTRK1","NTRK1","4914"
